1, hunt
1, carson.u.washington.edu
1, aborted
1, haught's
1, rebelling
1, contempory
1, expense
1, service
1, races
1, speculation
1, axiarchism
1, small
1, hope
1, using
1, institution
1, kung
1, emotional
1, anselm
1, attacks
1, research
1, prohibits
1, conscious
1, propagation
1, mincer
1, covering
1, impartially
1, naaah
1, wrought
1, controlling
1, indirectly
1, verse
1, restrains
1, satisfy
1, lion
1, methods
1, discouraging
1, assassinated
1, hostile
1, alyosha
1, serial
1, hardly
1, approximation
1, 1qcq3f
1, fight
1, named
1, iqcvagubk8ajrxzxn
1, myself
1, victims
1, challenging
1, remove
1, fasion
1, spans
1, elaborated
1, violates
1, meant
1, somebody
1, redating
1, ideally
1, classified
1, living
1, obtaining
1, dunkle
1, respondents
1, tims
1, drive
1, sound
1, _him_
1, occur
1, wondered
1, mill
1, remains
1, 1991
1, 14228
1, medicines
1, miss
1, effects
1, trodwell
1, lost
1, we're
1, whit
1, classify
1, arbitary
1, tries
1, foolish
1, patronizing
1, 458
1, netcom.com
1, exodus.eng.sun.com
1, vague
1, compromise
1, sender
1, coins
1, 3407
1, respected
1, applies
1, diciple
1, maximizes
1, incorrect
1, homeric
1, forgot
1, mistaken
1, concentrating
1, prof
1, 2973
1, properly
1, bush
1, adult
1, shots
1, music
1, importantly
1, kurt
1, young
1, 1770
1, traces
1, index
1, vessels
1, luxuries
1, bibliography
1, estimates
1, diary
1, requiem
1, stated
1, unappreciated
1, wired
1, god's
1, promoting
1, _can_
1, sex
1, june
1, trilogy
1, prophet
1, proselytize
1, critiques
1, pretending
1, rosa
1, schizophrenic
1, letters
1, appeal
1, vocal
1, zur
1, byproduct
1, heat
1, laurel
1, socialized
1, puts
1, rebut
1, whereas
1, immediate
1, sensible
1, uh
1, goddam
1, hero
1, relies
1, boast
1, warns
1, territoriality
1, voluntarilly
1, fundamentally
1, communism
1, fetuses
1, judgement
1, propagate
1, international's
1, dialogue
1, testify
1, 750
1, preservation
1, age
1, c5muiw.aqc
1, renewed
1, 372
1, redefinition
1, keeps
1, perverting
1, refuting
1, coherent
1, nfs
1, faster
1, paranoia
1, message
1, extermination
1, ain't
1, jew
1, postpaid
1, wanting
1, antipathy
1, poohed
1, apart
1, mutually
1, typical
1, forming
1, minorities
1, huxley
1, associate
1, vulnerable
1, execution
1, straight
1, ancient
1, uncomfortable
1, another's
1, capital
1, 211216
1, plastic
1, codified
1, demonstrates
1, watson.ibm.com
1, gnostic
1, invasion
1, concerns
1, voters
1, teach
1, father
1, mindset
1, hemingway
1, 400
1, continued
1, chilling
1, ps
1, pooh
1, banner
1, threads
1, fernwright
1, apologies
1, endeavor
1, geoff.arnold
1, curve
1, cs.umd.edu
1, edited
1, s2sz9nf5htdii0r6sseypl0r6
1, aids
1, honor
1, solicits
1, inch
1, 17th
1, peek
1, equal
1, predominantly
1, combined
1, holloway
1, cobb's
1, church's
1, recognized
1, id
1, westerners
1, inflammatory
1, newton.apple.com
1, creatures
1, profess
1, concentrate
1, descartes
1, iii
1, similarity
1, court
1, bolsters
1, determination
1, species
1, loved
1, due
1, nihqnzxe8pgvlt7tlez4eoehzjxlefrdeypvayt54yqqgb4harboehdcrte2atmp
1, magazine
1, rob
1, intellectual
1, legally
1, explicit
1, baptist
1, frequently
1, verifiable
1, united
1, paperbacks
1, included
1, birth
1, sheets
1, discrepancy
1, primitive
1, incompleteness
1, punished
1, yorktown
1, hunter
1, avoiding
1, flamage
1, latest
1, east.sun.com
1, hyperspace
1, root
1, rambling
1, arguably
1, prepared
1, bu.edu
1, roman
1, hour
1, wipe
1, interpreted
1, solely
1, 1986
1, metal
1, implemented
1, targets
1, fictitious
1, volt
1, waving
1, perceptive
1, principal
1, tender
1, smallest
1, killed
1, nope
1, sleeves
1, notorious
1, carl
1, experimental
1, surprised
1, annoying
1, innately
1, recursive
1, einstein
1, public
1, zeit
1, pillar
1, generation
1, amherst
1, crippling
1, inconsistent
1, neutral
1, wanted
1, dull
1, material
1, fist
1, involve
1, coffee
1, 1989
1, accurate
1, monthly
1, double
1, supernatural
1, fears
1, unresolvable
1, garden
1, teaching
1, demanded
1, soon
1, dichotomy
1, activities
1, o'dwyer
1, mackie's
1, practice
1, san
1, folks
1, progression
1, let
1, arrogance
1, paste
1, valid
1, islington
1, spherical
1, motives
1, newman
1, cc.utah.edu
1, proud
1, w.p
1, telling
1, laugh
1, ras
1, pregnant
1, grows
1, apr
1, demand
1, mythical
1, beer
1, operate
1, characteristic
1, 1977
1, unfair
1, 29887
1, avoid
1, candlestick
1, food
1, 1990
1, special
1, consent
1, pointing
1, adequate
1, wholesome
1, biased
1, honestly
1, basket
1, debt
1, definitional
1, silly
1, starts
1, purposeful
1, bozo.dsinc.com
1, cropped
1, retroactively
1, connection
1, stating
1, bob
1, traditional
1, dismisses
1, malnutrition
1, alike
1, disbelieving
1, values
1, limit
1, dogma
1, looked
1, roll
1, scientifically
1, specific
1, accompanied
1, 767
1, where's
1, undeserving
1, ten
1, caught
1, 1993apr5.091139.823
1, furthermore
1, impossibility
1, correctness
1, covered
1, trivial
1, slanted
1, norm
1, ranges
1, documentation
1, listening
1, possibilities
1, cameron
1, 10598
1, assembled
1, moulded
1, brothers
1, salvation
1, drivel
1, monopoly
1, plantinga
1, league
1, curving
1, substance
1, 26
1, 273
1, 59
1, pick
1, poses
1, tested
1, alternate
1, dated
1, authors
1, subgenius
1, 256
1, blame
1, helped
1, socialization
1, chose
1, resisted
1, scholarly
1, interacts
1, weight
1, 642
1, trustworthy
1, clever
1, overpopulation
1, pretend
1, 2nd
1, points
1, perceptions
1, sun.eng.sun.com
1, dgraham
1, handmaid's
1, metaphysical
1, he'll
1, property
1, parasitic
1, lucifer's
1, coherence
1, hanged
1, pleasant
1, implicitly
1, teachers
1, stalin's
1, finally
1, budge
1, final
1, btw
1, bastard
1, increased
1, mcgwier
1, comment
1, determine
1, dispute
1, elaborate
1, gave
1, finding
1, campus
1, charley
1, punishments
1, birthday
1, equipment
1, paperback
1, red
1, marble
1, attending
1, suggest
1, spoke
1, mohammad
1, massacre
1, catalog
1, lies
1, copying
1, stool
1, throughout
1, searched
1, formulate
1, discourse
1, emarsh
1, flawed
1, determined
1, ie
1, sphericity
1, compare
1, held
1, prevented
1, paid
1, 50011
1, figmo
1, denounce
1, flag
1, raising
1, suffering
1, wonderful
1, outlawed
1, contridicts
1, israelites
1, angels
1, pleasure
1, backwards
1, hopkins
1, dahmer
1, diversity
1, coexisting
1, attitudes
1, knaur
1, brother
1, friendly
1, carver
1, generalize
1, revoked
1, misinterpret
1, broad
1, circular
1, categorized
1, monks
1, denial
1, invades
1, reminded
1, country
1, entitled
1, gottes
1, label
1, jimh
1, perceive
1, ditto
1, aspect
1, editing
1, _assumption_
1, 14226
1, conceived
1, joseph
1, turn
1, myths
1, suppossed
1, spam.maths.adelaide.edu.au
1, examples
1, credible
1, excessive
1, bobby
1, trimmed
1, 8900
1, inculcate
1, supports
1, quickly
1, condoms
1, un
1, cut
1, conclude
1, fixed
1, primes
1, 1271
1, immortal
1, america
1, valuable
1, askew
1, pp
1, odds
1, oid
1, manner
1, peer
1, kent
1, measurable
1, bustingly
1, centuries
1, advance
1, december
1, returns
1, reference
1, shades
1, brings
1, berkeley
1, doubtless
1, grow
1, business
1, illiterate
1, response
1, mainstream
1, lt8d3binnj1g
1, theocracy
1, threw
1, suppose
1, 1244
1, absurdity
1, violation
1, poverty
1, brian
1, assisted
1, insincere
1, later
1, wisconsin
1, equally
1, objects
1, filling
1, stands
1, document
1, ending
1, delays
1, anyhow
1, considerable
1, atheistic
1, shared
1, tolerance
1, pc
1, dedicated
1, delight
1, ethnically
1, davy
1, beholder
1, propogation
1, cannibal
1, dissengage
1, westerner
1, child's
1, admits
1, logical
1, _acceptable_
1, archives
1, being's
1, sentences
1, declaration
1, millions
1, expressed
1, makeup
1, jbrown
1, photo
1, pangea.stanford.edu
1, _is_
1, mhepy4g7ge8mo5wpsivx
1, requirements
1, prescribed
1, tienanmen
1, adulteries
1, european
1, savior
1, 1r1cl7innknk
1, differ
1, assertions
1, meeting
1, conceivable
1, clarendon
1, oceans
1, refutation
1, expertise
1, atheism's
1, ordinarily
1, anytime
1, 99
1, tibetan
1, jeffrey
1, shoveling
1, exact
1, formed
1, a.a
1, viewed
1, accountable
1, categorization
1, kepler.unh.edu
1, justifications
1, causing
1, thompson
1, hatred
1, disease
1, milwaukee
1, evdent
1, author
1, suzanne
1, illustrated
1, enemy
1, slightly
1, lifetimes
1, 702
1, righteous
1, cultures
1, hasn't
1, women's
1, refraining
1, 1.0
1, trap
1, attractions
1, f
1, allen
1, designed
1, theses
1, amusing
1, nevertheless
1, healing
1, 88
1, 7723
1, east
1, cohesion
1, spending
1, 64079
1, peruvian.cs.utah.edu
1, afqlhmi00vb0icemrm
1, 1.2
1, fate
1, summons
1, evangelical
1, patience
1, posts
1, bund
1, fallacious
1, genuine
1, extend
1, equivalent
1, saint
1, mysteriously
1, slippery
1, capture
1, news.cso.uiuc.edu
1, behind
1, expert
1, reported
1, digress
1, ages
1, 1993apr20.053355.19185
1, percent
1, given
1, obey
1, assure
1, solution
1, twisted
1, speed
1, considers
1, fairly
1, sweeping
1, disagree
1, coined
1, galactic
1, fed
1, fallacies
1, bantam
1, ram
1, spectrum
1, pgp
1, government
1, reread
1, city
1, _must_
1, becoming
1, outcome
1, burn
1, beneath
1, admit
1, 1993apr20.154658
1, tub
1, newspapers
1, campaigning
1, fear
1, antiquated
1, mormonism
1, scratch
1, 4rh
1, discourage
1, restrict
1, c5qgm3
1, opinions
1, e
1, pets
1, refuse
1, guardian
1, currency
1, opposition
1, 700
1, resort
1, conforming
1, goody
1, gook
1, hypothesises
1, 1981
1, ucherdienst
1, wants
1, implementation
1, d012s658
1, guys
1, phil
1, prayers
1, strawman
1, cup
1, 90
1, praying
1, acceptance
1, contradict
1, build
1, transfusions
1, select
1, 930420.113512.1v3
1, hearing
1, egyptian
1, shirts
1, doors
1, bloc
1, fulfill
1, citations
1, confusion
1, quotes
1, saudi
1, relying
1, stall
1, platinga
1, inevitable
1, required
1, preacher
1, animals
1, match
1, criticized
1, 114127
1, emergence
1, ia
1, deny
1, writing
1, worshipped
1, previous
1, admittedly
1, empathize
1, killer
1, program
1, gaus
1, rely
1, arguable
1, absolutely
1, physics
1, lawmakers
1, education
1, financial
1, roper
1, nowadays
1, disproving
1, _on_coins_
1, contradictory
1, certainty
1, compared
1, professor
1, thousand
1, eastern
1, considering
1, personality
1, relativism
1, discovered
1, foot
1, readily
1, infinity
1, ibm
1, restatements
1, newbie
1, credit
1, iowa
1, bruce
1, disclaimed
1, fail
1, perversion
1, china's
1, nihilists
1, he's
1, genes
1, planet
1, chances
1, nowhere
1, house
1, error
1, liberty
1, forever
1, o
1, 93apr5120934
1, yourself
1, hammer
1, survey
1, subtle
1, sciences
1, existing
1, german
1, scouts
1, suppressed
1, airforce
1, starvation
1, attribute
1, poll
1, gmt
1, overall
1, rush
1, de
1, n19
1, van
1, 24
1, inherently
1, 7ltvtmvtu66nz6sbbpw9qkbjarby
1, outstanding
1, luke's
1, comfortable
1, 0511
1, sick
1, confused
1, ironic
1, dmn
1, games
1, 70s
1, politics
1, baltimore
1, women
1, groups
1, 7641
1, empty
1, pay
1, conway
1, woman
1, 13
1, listed
1, prediliction
1, commonly
1, petty
1, graham
1, tall
1, martin's
1, chooses
1, eng.utah.edu
1, encountered
1, practical
1, prod
1, conversation
1, cite
1, imho
1, glenn
1, iraqi
1, terminology
1, driven
1, proposition
1, guaranteed
1, 2197
1, activity
1, tm
1, 1qvmk2
1, need
1, email
1, remained
1, materialism
1, carries
1, bleeding
1, weakness
1, maze
1, lamb's
1, increase
1, listen
1, searches
1, attributions
1, symbol
1, verdi
1, equated
1, remote
1, worry
1, boasted
1, encouraged
1, applicable
1, inexact
1, enforced
1, hume
1, fallible
1, price
1, mccarthyite
1, sinners
1, sway
1, societally
1, manifests
1, philip
1, mackie
1, export
1, ames
1, disprove
1, ink
1, unfortunate
1, south
1, destruction
1, references
1, crimes
1, integrating
1, witness
1, speculating
1, admitted
1, feet
1, canyon
1, exclusive
1, idiot
1, shed
1, meat
1, taj2206
1, 467
1, polished
1, gobbly
1, dl8
1, intended
1, _behavior_
1, conclusive
1, north
1, address
1, mimsy.umd.edu
1, passing
1, diener
1, arabia
1, impact
1, remember
1, judaism
1, writings
1, you'd
1, decisively
1, quarterly
1, flame
1, knows
1, 440
1, mercy
1, abortions
1, 7215
1, hunted
1, winds
1, 0195
1, demanding
1, mix
1, paraphernalia
1, arrival
1, relate
1, readership
1, conduit
1, earlier
1, seldes
1, sufficiently
1, mothers
1, 933999
1, run
1, noao.edu
1, afix
1, commands
1, g.w
1, examines
1, intoxicated
1, woman's
1, giant
1, gimme
1, per
1, navy
1, steaks
1, ditch
1, redefinitions
1, synopsys
1, satisfaction
1, charge
1, provoking
1, ethiopia
1, france
1, courtesy
1, standards
1, realising
1, entertainment
1, kent.apple.com
1, classed
1, ffrf
1, deletion
1, destroys
1, letting
1, gravity
1, futile
1, terrorisim
1, squeamishness
1, remain
1, canticle
1, consistency
1, defences
1, papal
1, fix
1, mouth
1, heaven
1, apology
1, 7119
1, mentioned
1, discriminate
1, bent
1, inductive
1, canonized
1, unbiased
1, desire
1, till
1, intelligent
1, minds
1, culture
1, influence
1, sarcasm
1, file
1, spreading
1, died
1, hogan
1, 2475
1, taught
1, 78714
1, sounds
1, 80s
1, mcl.ucsb.edu
1, crow
1, punctuation
1, reasoning
1, buildings
1, r
1, rejection
1, respective
1, ourselves
1, decreed
1, virtue
1, lists
1, hundred
1, cynical
1, encroaching
1, increasing
1, random
1, let's
1, iron
1, persecution
1, universe's
1, haveing
1, seriously
1, _positive_
1, khyyxmerfao
1, ann
1, inconclusive
1, heights
1, wrath
1, plus
1, appearance
1, enlighting
1, 1881
1, currently
1, diet
1, display
1, period
1, depth
1, 2494
1, fritts
1, obedience
1, eactly
1, strange
1, natured
1, everyday
1, felder
1, individual's
1, studying
1, contributing
1, searching
1, joe
1, francisco
1, principles
1, vertrieb
1, _the
1, gay
1, helps
1, nyc
1, anybody
1, help
1, slow
1, 53701
1, selects
1, exposure
1, claus
1, mountaintop
1, twist
1, ce
1, join
1, occam's
1, collapse
1, working
1, denials
1, keresh
1, consistent
1, won't
1, 4rl
1, contemporary
1, unwilling
1, invisible
1, pragmatic
1, memory
1, fests
1, 11
1, vital
1, library
1, 0908
1, heavy
1, approachable
1, receive
1, instincts
1, dissolves
1, thinking
1, atrocious
1, stronger
1, british
1, voluntary
1, marry
1, destabilization
1, effective
1, garnet.acns.fsu.edu
1, stickers
1, five
1, dostoevsky
1, era
1, atoms
1, loans
1, unknowable
1, drugs
1, 490
1, mailer.cc.fsu.edu
1, seeped
1, robes
1, demonstrated
1, flyer
1, mailing
1, prc
1, fathers
1, pgpinfo
1, mysteries
1, clerical
1, bakes
1, politisches
1, islamic
1, overwhelming
1, humanist
1, pointless
1, eat
1, external
1, mongols
1, origins
1, inherent
1, concepts
1, reforms
1, leaders
1, plug
1, alt.atheism.moderated
1, rom
1, kierkegaard
1, review
1, hawaiian
1, institutionalized
1, conducted
1, gloss
1, candle
1, worrying
1, something's
1, comforting
1, undefinable
1, encompass
1, comply
1, undisputed
1, awful
1, geoff
1, 704
1, person's
1, oriented
1, kant
1, morrow.stanford.edu
1, sky
1, memetic
1, 140195
1, requiring
1, tear
1, gem
1, multiple
1, memetics
1, intimidating
1, resulted
1, taoism
1, ivy
1, noticable
1, 8ew
1, spiritual
1, 316
1, posthumous
1, 20th
1, teacher
1, architect
1, hrsg
1, madness
1, imputation
1, elder
1, vroblfaqfsbwp
1, realize
1, fault
1, dismissed
1, cadehp0
1, touch
1, info
1, mangoe
1, phrased
1, re
1, sinful
1, draw
1, unipolar
1, 3000
1, hannover
1, drop
1, laser
1, lelie's
1, ceasing
1, river
1, blood
1, emphasis
1, murdered
1, indentified
1, argues
1, beam
1, ol
1, translation
1, recent
1, 14215
1, 30
1, spangled
1, douglas
1, portion
1, 1988
1, substantial
1, playing
1, relevance
1, announced
1, bills
1, bmers30
1, terminally
1, indiv
1, johns
1, posting
1, dismissively
1, uucp
1, loses
1, csk
1, suggesting
1, bathroom
1, aka
1, wondering
1, likewise
1, independence
1, none
1, atrocities
1, online
1, tends
1, unsupportable
1, conquered
1, risen
1, containing
1, properties
1, intelligence
1, 608
1, across
1, primarily
1, rejected
1, p
1, front
1, deluxe
1, victimized
1, apples
1, controlled
1, penny
1, gold
1, noyes
1, thousands
1, controled
1, counterargument
1, harder
1, school
1, buphy.bu.edu
1, mainly
1, 65974
1, cathedral
1, grown
1, deserves
1, uncovering
1, september
1, hospital
1, herself
1, lowest
1, convinced
1, funding
1, m113s
1, goals
1, erste
1, amnesty
1, madison
1, lines
1, unreasoning
1, philips
1, ubiquitous
1, r05
1, 837
1, golen
1, accounts
1, bay
1, versus
1, cars
1, 89
1, max
1, organizating
1, sun
1, deteriorated
1, oranges
1, transformation
1, khan
1, learned
1, angry
1, ruins
1, innocent
1, reconcile
1, subtitled
1, physical
1, mindlessly
1, entails
1, suzanne's
1, mon
1, pursuit
1, happiness
1, materialien
1, co
1, pastimes
1, editor
1, former
1, des
1, firstly
1, associated
1, babies
1, widening
1, hollywood
1, morals
1, director
1, 831
1, astrology
1, unsympathetic
1, miller
1, remembering
1, timmbake
1, atwood's
1, 914
1, french
1, maximizing
1, i'd
1, command
1, holding
1, prefer
1, april
1, department
1, occurred
1, transparently
1, admitting
1, matt5
1, dictionary
1, current
1, guilt
1, bumper
1, digression
1, originals
1, describe
1, gain
1, derived
1, eternity
1, et
1, asserts
1, allowing
1, critique
1, force
1, gradually
1, colon
1, construct
1, konfessionslosesn
1, priest
1, jeez
1, glory
1, chinese
1, men
1, sickle
1, fido.asd.sgi.com
1, creating
1, maybe
1, who's
1, achieve
1, 9bv9oke
1, darius_lecointe
1, irrepective
1, donating
1, popularity
1, 78752
1, superstitions
1, focusses
1, showing
1, noteworthy
1, represent
1, 170493104641
1, holiness
1, began
1, identify
1, extreme
1, responses
1, method
1, ussr
1, impinge
1, base
1, blueprints
1, rationalism
1, loving
1, orff
1, dlecoint
1, nihilism
1, cared
1, preaching
1, boycott
1, 1876
1, arsenal
1, stay
1, virtually
1, february
1, dsinc.com
1, incompatible
1, generalizations
1, missiles
1, mankind
1, several
1, unambiguous
1, al
1, behaviors
1, favoured
1, benefit
1, below
1, requires
1, expect
1, occasionally
1, putting
1, wingate
1, bmerh85
1, kuweit
1, juicy
1, replacements
1, million
1, philadelphia
1, sidgwick
1, crucially
1, buddhists
1, nonsense
1, hudson
1, sincere
1, rent
1, jaskew
1, unamerican
1, unlimited
1, amount
1, dominance
1, entities
1, model
1, adequately
1, we've
1, papsttums
1, meme
1, minded
1, aah
1, 716
1, datapoints
1, theory
1, movement
1, deceiver
1, fair
1, explanation
1, push
1, younger
1, cross
1, ordered
1, seite
1, beats
1, runs
1, omni
1, everthing
1, pet
1, series
1, refreshingly
1, formalistic
1, pursue
1, darwinian
1, freethinker
1, screaming
1, reflect
1, someone's
1, apologize
1, compassionate
1, ibdk
1, 3005
1, secularization
1, schneider
1, vicars
1, arnold
1, smear
1, went
1, 3d
1, wine
1, gogh
1, side
1, forbids
1, expectations
1, receiver
1, sensory
1, widespread
1, connected
1, 1900
1, neither
1, conformism
1, passage
1, boo
1, healed
1, continues
1, bobbys
1, suspect
1, industrialized
1, 541
1, soya
1, largest
1, observers
1, britain
1, tugs
1, psychology
1, fired
1, avoided
1, enraged
1, man
1, conclusions
1, realm
1, legislate
1, developments
1, civil
1, sources
1, k
1, exempt
1, neighbourhood
1, wait
1, seemed
1, survival
1, developed
1, shouting
1, half
1, revolution
1, droemer
1, development
1, stability
1, scrictly
1, examiner
1, scenario
1, supporter
1, orange
1, cardiff's
1, consequence
1, hampshire
1, travel
1, listing
1, razor
1, karamazov
1, naturalistic
1, ruthlessly
1, desitter
1, remarks
1, hospitals
1, perfectly
1, dedicate
1, four
1, engaging
1, attention
1, proven
1, risks
1, veriety
1, gut
1, dozens
1, fund
1, distinguish
1, fit
1, managed
1, everywhere
1, punishment
1, reform
1, athiest
1, blue
1, paraphrase
1, diciples
1, raised
1, ungodliness
1, respond
1, ballantine
1, _societally_
1, 345
1, terrible
1, hernes
1, soul_
1, subjectivist's
1, ruled
1, freed
1, report
1, 664
1, hopeless
1, white
1, burgers
1, hindu
1, craftsmen
1, aesthetics
1, wished
1, unhappy
1, weeks
1, 910309
1, mental
1, dress
1, informationen
1, instances
1, handbook
1, huge
1, golden
1, 3nl
1, campaigns
1, midsentence
1, getting
1, jim
1, importance
1, shouldn't
1, media
1, seeing
1, humanity
1, alive
1, policing
1, outrageously
1, raise
1, process
1, wow
1, marsh
1, refutations
1, removal
1, moved
1, wishing
1, impractical
1, intentional
1, ethnic
1, usage
1, graphology
1, separate
1, devil
1, 784
1, shortest
1, n1
1, stabilize
1, via
1, sf
1, illicit
1, places
1, newer
1, established
1, evident
1, indicate
1, chaotic
1, answering
1, mystery
1, apparent
1, maximally
1, refused
1, alternatives
1, 9525
1, unique
1, reluctant
1, parallel
1, contain
2, gregg
2, varieties
2, statements
2, pot
2, agreed
2, technically
2, radio
2, travis
2, open
2, among
2, whilst
2, responsible
2, interpretation
2, contradicts
2, contentious
2, content
2, flaming
2, appears
2, throws
2, transition
2, gospel
2, amongst
2, three
2, fully
2, sorts
2, math
2, problems
2, works
2, taking
2, relevant
2, encouraging
2, data
2, detailed
2, fax
2, characters
2, aspects
2, revised
2, definitions
2, salem
2, buddhism
2, 4.95
2, flames
2, noterrorism
2, leads
2, teaches
2, letter
2, alien
2, date
2, referred
2, union
2, household
2, interest
2, bank
2, nyaah
2, authority
2, took
2, 430
2, future
2, economic
2, censure
2, regarding
2, universes
2, stick
2, range
2, doctrine
2, careful
2, tv
2, direct
2, torture
2, miz
2, play
2, easily
2, citizens
2, messages
2, shine
2, kmr4
2, provably
2, anywhere
2, terrorism
2, repeatedly
2, jewish
2, cutoff
2, commercial
2, responded
2, minions
2, attraction
2, week
2, require
2, deals
2, posed
2, unable
2, engage
2, posit
2, card
2, commandment
2, victimize
2, contention
2, afterlife
2, 880
2, upbringing
2, aap
2, ethical
2, tanks
2, observed
2, strom
2, come
2, novels
2, gains
2, followers
2, asserting
2, forgach
2, journal
2, incoherent
2, 1992
2, 8018
2, 87722
2, looks
2, wc1r
2, attempting
2, nm0w
2, teachings
2, aid
2, referring
2, 930420.101210.8y7
2, faiths
2, 512
2, philosophy
2, win
2, past
2, explanations
2, wear
2, unto
2, speaking
2, fourth
2, national
2, test
2, jaeger
2, defend
2, minor
2, organizations
2, grounds
2, po.cwru.edu
2, campaign
2, n4hy
2, wouldn't
2, late
2, 100
2, commandments
2, approach
2, contradiction
2, kept
2, account
2, ultimate
2, 39
2, berlin
2, unbelievers
2, lucifer
2, hence
2, quote
2, rationalist
2, ultimately
2, foreign
2, mcintyre
2, unbelief
2, purely
2, warren
2, copy
2, affirming
2, preferred
2, mccullou
2, stable
2, hear
2, assumed
2, hut
2, vonroeschlaub
2, ignore
2, cattle
2, luck
2, modern
2, imaginary
2, death
2, knowing
2, subjectivism
2, pizza
2, creator
2, situation
2, freedom
2, logic
2, reach
2, plenty
2, language
2, liberal
2, whipple.cs.wisc.edu
2, lots
2, afraid
2, 1993
2, cwis.unomaha.edu
2, prime
2, party
2, wish
2, mormons
2, together
2, enter
2, kv07
2, defines
2, burden
2, study
2, ryan
2, disciple
2, shown
2, act
2, king
2, useless
2, scepticism
2, dissolve
2, agree
2, files
2, drink
2, congress
2, conform
2, calls
2, meaningful
2, wave
2, wasn't
2, choices
2, they've
2, war
2, flew
2, 50
2, represents
2, vice
2, designs
2, foote
2, fundamental
2, security
2, parody
2, rulers
2, volume
2, defining
2, haven't
2, early
2, both
2, i.e
2, organization
2, aware
2, correct
2, started
2, credibility
2, written
2, happen
2, obscure
2, purposes
2, sake
2, lie
2, proclaim
2, austin
2, appeared
2, moment
2, denying
2, greater
2, independently
2, irrational
2, recently
2, phenomena
2, presence
2, atomic
2, scientist
2, besides
2, wings
2, tibet
2, ends
2, pass
2, knew
2, persue
2, became
2, healer
2, whenever
2, fuss
2, definitely
2, approaches
2, nearly
2, fine
2, evaluative
2, difference
2, shows
2, quotations
2, appear
2, figure
2, secondly
2, usual
2, appendix
2, addresses
2, beneficial
2, dick
2, tale
2, bait
2, propaganda
2, numbers
2, arbitrary
2, psychological
2, 41
2, tried
2, paul
2, quick
2, concluded
2, 9
2, students
2, plausible
2, horrors
2, konfessionslosen
2, beyond
2, building
2, kings
2, kuwait
2, observations
2, facts
2, technology
2, tx
2, impartial
2, fields
2, bizarre
2, scroll
2, 200
2, undefined
2, street
2, nor
2, wasting
2, modified
2, depends
2, century
2, historically
2, unless
2, lately
2, soft
2, mess
2, temple
2, analogy
2, area
2, shall
2, conversion
2, apparently
2, nice
2, alexia.lis.uiuc.edu
2, status
2, met
2, discrepancies
2, 1000
2, somewhere
2, alternative
2, heard
2, wide
2, value
2, coming
2, except
2, previously
2, obeying
2, ball
2, discuss
2, manuscripts
2, doomsday
2, captured
2, creed
2, possibility
2, americans
2, suddenly
2, code
2, phenomenon
2, absence
2, souls
2, supposedly
2, individuals
2, 40
2, contrary
2, suggests
2, articles
2, ways
2, lord
2, possibly
2, clipper
2, allows
2, forget
2, inside
2, weren't
2, believer
2, p.ida.org
2, pressure
2, characterized
2, lying
2, begins
2, effort
2, unexceptional
2, under
2, common
2, george
2, needed
2, destroy
2, attempts
2, internationaler
2, step
2, alt
2, story
2, having
2, interaction
2, arrives
2, claiming
2, subjective
2, watching
2, dismiss
2, hardcover
2, break
2, rarely
2, fundamentalists
2, holes
2, produce
2, serves
2, closer
2, sets
2, forms
2, aside
2, experience
2, harmless
2, competing
2, perry
2, citation
2, latter
2, disbelief
2, difficult
2, statistics
2, foundation
2, viewpoint
2, immorally
2, i'll
2, objectively
2, concerned
2, biblical
2, leibowitz
2, superficially
2, gic
2, anyway
2, large
2, theology
2, companion
2, batman.bmd.trw.com
2, originated
2, square
2, term
2, lynn
2, face
2, style
2, criticism
2, danger
2, immoralities
2, origin
2, peter
2, eventually
2, adopt
2, conclusively
2, likely
2, immoral
2, carried
2, views
2, laws
2, happened
2, feeling
2, cd
2, money
2, versa
2, trajan
2, removed
2, york
2, harder.ccr
2, societal
2, what's
2, encourage
2, oxford
2, entertaining
2, call
2, basically
2, tlu
2, casserole
2, classical
2, couple
2, atheisten
2, false
2, evolution
2, timmons
2, saturday
2, reject
2, switch
2, shit
2, news
2, beware
2, sunday
2, description
2, england
2, similarly
2, e.v
2, count
2, newsletter
2, server
2, full
2, excuse
2, project
2, particularly
2, subjects
2, nation
2, available
2, move
2, 2.2
2, bnr.ca
2, changes
2, guess
2, deal
2, tendentious
2, ill
2, gets
2, becomes
2, santa
2, namely
2, frank
2, larger
2, records
2, next
2, track
2, her
2, texts
2, ability
3, andrew.cmu.edu
3, missing
3, necessary
3, certain
3, issues
3, schools
3, change
3, miracle
3, athiestic
3, supporting
3, divine
3, upon
3, oldest
3, whatever
3, dying
3, ought
3, solntze.wpd.sgi.com
3, charity
3, doctors
3, ago
3, rusnews.w165w
3, level
3, start
3, d
3, interested
3, buffalo
3, wonder
3, newsgroup
3, love
3, assumes
3, brain
3, group
3, apply
3, unacceptable
3, offensive
3, else
3, iastate.edu
3, light
3, fall
3, und
3, specifically
3, killing
3, assumptions
3, personal
3, rest
3, qur'an
3, readings
3, inspired
3, thanks
3, road
3, ask
3, comprehensive
3, around
3, easy
3, left
3, concerning
3, goes
3, otherwise
3, instead
3, fallacy
3, implies
3, novel
3, watched
3, unexplainable
3, founded
3, off
3, deeds
3, principle
3, appreciate
3, african
3, ethic
3, cover
3, debate
3, explained
3, save
3, condescending
3, leaving
3, mike
3, libertarian
3, harsh
3, successful
3, hall
3, paper
3, parents
3, edition
3, eternal
3, 19
3, ture's
3, harm
3, part
3, bake
3, der
3, miracles
3, spirituality
3, originally
3, backlash
3, separation
3, illegal
3, useful
3, 14
3, closed
3, scrip
3, called
3, nature
3, exhaustive
3, doubting
3, refer
3, far
3, forced
3, funny
3, fighting
3, socially
3, truths
3, contains
3, contradictions
3, they're
3, 7
3, game
3, premise
3, lose
3, tell
3, source
3, hosts
3, churches
3, indicates
3, star
3, ny
3, unlikely
3, terms
3, skies
3, rational
3, thought
3, effect
3, hate
3, anthology
3, odd
3, oh
3, caused
3, ignorance
3, finished
3, essentially
3, close
3, dogmatic
3, murderer
3, postfach
3, superstition
3, earthers
3, speak
3, objectivist
3, invalid
3, further
3, attempt
3, kingdom
3, vast
3, apt
3, comfort
3, tibetans
3, political
3, uses
3, versions
3, single
3, saw
3, fiction
3, individuality
3, attitude
3, christ
3, contribute
3, responsibility
3, crime
3, second
3, talked
3, alt.atheism
3, freethought
3, obviously
3, states
3, freedoms
3, running
3, benedikt
3, pointed
3, ibka
3, jazz
3, nanci
3, wondrous
3, whose
3, jensen
3, crutch
3, promote
3, longer
3, die
3, result
3, stephen
3, happens
3, older
3, pseudo
3, infanticide
3, comments
3, within
3, claimed
3, widely
3, stories
3, association
3, assorted
3, interact
3, superhuman
3, deleted
3, questioned
3, 071
3, family
3, decision
3, subjectivist
3, damn
3, eric
3, faq
3, societies
3, instance
3, complete
4, assertion
4, served
4, unfortunately
4, scientists
4, muslim
4, along
4, yes
4, mandatory
4, reasonable
4, friends
4, core
4, presented
4, supposed
4, concept
4, proof
4, accepted
4, leftover
4, christmas
4, prometheus
4, going
4, unknown
4, london
4, truelove
4, explicitly
4, asked
4, friend
4, short
4, ken
4, describes
4, directly
4, subject
4, down
4, lives
4, mention
4, cheap
4, goal
4, sold
4, explain
4, pretty
4, looking
4, mass
4, beings
4, reading
4, lot
4, discussion
4, counter
4, proved
4, sorry
4, preferences
4, purpose
4, support
4, publish
4, crows
4, according
4, soviet
4, thread
4, performed
4, original
4, famous
4, days
4, rights
4, including
4, believes
4, prayer
4, resources
4, james
4, naturally
4, basic
4, either
4, dead
4, provide
4, arms
4, reports
4, bad
4, came
4, abortion
4, introduction
4, kill
4, torah
4, acts
4, cobb
4, jr
4, justification
4, box
4, real
4, american
4, ingrained
4, behave
4, includes
4, thoughts
4, willing
4, germany
4, actually
4, x
4, deity
4, nobody
4, follow
4, p.o
4, order
4, sin
4, text
4, popular
4, thus
4, include
4, couldn't
4, catholic
4, jyusenkyou.cs.jhu.edu
4, worth
4, rules
4, hidden
4, talks
4, each
4, send
4, philosophers
4, positions
4, pray
4, today
4, stop
4, china
4, already
4, you're
4, cause
4, darwin
4, q
4, until
4, imagine
4, although
4, clearly
4, natural
4, sandvik
4, attack
4, always
4, judgements
4, says
4, big
4, hold
4, seen
4, ones
4, soul
4, humanism
4, elves
4, spread
4, interesting
4, one's
4, behavior
4, worse
4, scriptures
4, telephone
4, whole
4, perfect
4, law
4, jon
4, carry
4, exactly
4, answered
4, major
4, completely
4, talk
4, 12
5, aren't
5, through
5, earth
5, fantasy
5, holy
5, net
5, clinic
5, show
5, stuff
5, tendency
5, knowledge
5, trying
5, opinion
5, nye
5, tend
5, form
5, got
5, consider
5, pages
5, version
5, line
5, experiences
5, object
5, care
5, position
5, humans
5, higher
5, flat
5, end
5, eau
5, merely
5, acceptable
5, secular
5, agnosticism
5, problem
5, decide
5, last
5, bertrand
5, almost
5, m
5, spent
5, issue
5, understand
5, usa
5, done
5, events
5, swinburne
5, policies
5, memes
5, doubt
5, justify
5, towards
5, cnsvax.uwec.edu
5, motto
5, nyeda
5, space
5, clear
5, little
5, horizon
5, wishes
5, russell
5, sell
5, mail
5, frightened
5, allow
5, ok
5, reality
5, unicorns
5, arguing
5, majority
5, charities
5, times
5, midelfort
5, name
5, detectable
5, sometimes
5, claire
5, follows
5, event
5, note
5, important
5, you'll
5, 5
5, arrogant
6, behaviour
6, following
6, absurdities
6, less
6, matthew
6, agnostic
6, reason
6, everything
6, making
6, archive
6, absurd
6, define
6, philosopher
6, prophets
6, learn
6, basis
6, word
6, various
6, everyone
6, simple
6, least
6, place
6, rule
6, especially
6, write
6, wrote
6, described
6, omnipotent
6, choose
6, somewhat
6, iraq
6, high
6, population
6, away
6, itself
6, never
6, notion
6, probably
6, fish
6, worship
6, actions
6, b
6, isbn
6, again
6, university
6, argue
6, believed
6, new
6, patently
6, present
6, necessarily
6, once
6, search
6, stalin
6, born
6, back
6, david
6, whoever
6, book
6, general
6, 3
6, theistic
6, wi
6, gives
6, convert
7, 0
7, asking
7, similar
7, considered
7, press
7, self
7, post
7, policy
7, number
7, imply
7, set
7, enough
7, therefore
7, hell
7, pro
7, livesey
7, perhaps
7, islam
7, gods
7, keith
7, keep
7, history
7, reply
7, questions
7, truly
7, omniscient
7, anything
7, countries
7, negative
7, above
7, children
7, yet
7, live
7, questioning
7, assuming
7, third
7, social
7, mind
7, didn't
7, found
7, please
7, hand
7, 1
7, generally
7, wrong
7, anyone
7, perspective
7, himself
7, best
7, between
7, default
7, created
7, better
7, obvious
7, outside
7, old
7, entirely
7, own
7, individual
7, years
7, christianity
7, pink
8, makes
8, surely
8, go
8, arromdee
8, claims
8, where
8, two
8, statement
8, choice
8, s
8, believing
8, seem
8, brought
8, sceptical
8, anti
8, happy
8, legal
8, there's
8, since
8, defined
8, themselves
8, lack
8, simply
8, someone
8, able
8, really
8, particular
8, definition
8, positive
8, she
8, doing
8, hole
8, matters
8, logically
8, turkey
8, though
8, means
8, 2
8, 4
8, reasons
8, i've
8, great
9, right
9, answer
9, hard
9, muslims
9, etc
9, talking
9, human
9, meaning
9, child
9, that's
9, before
9, ideas
9, information
9, power
9, saying
9, while
9, i'm
9, too
9, philosophical
9, impossible
9, sure
9, told
9, cannot
10, believers
10, become
10, free
10, into
10, case
10, known
10, weak
10, ever
10, luke
10, use
10, usually
10, seems
10, words
10, objective
10, sense
10, mark
10, few
10, these
10, idea
10, certainly
10, mantis.co.uk
10, long
10, without
10, him
11, accept
11, black
11, work
11, based
11, different
11, control
11, give
11, look
11, every
11, much
11, whether
11, put
11, find
11, assumption
11, another
11, science
11, western
11, might
11, quite
11, matter
11, often
11, claim
12, theism
12, made
12, church
12, books
12, possible
12, our
12, same
12, try
12, assume
12, could
12, day
12, did
12, isn't
12, still
12, first
12, murder
12, jesus
13, john
13, others
13, arguments
13, its
13, scripture
13, universe
13, argument
13, take
13, read
13, society
13, fact
13, said
14, nothing
14, kind
14, us
14, feel
14, system
14, mean
14, strong
14, mathew
14, now
14, had
14, get
14, point
15, thing
15, rather
15, however
15, beliefs
15, used
16, faith
16, over
16, things
16, person
17, evil
17, very
17, view
17, can't
17, morality
17, christians
17, state
18, doesn't
18, am
18, question
18, against
19, sort
19, life
19, being
19, should
19, exists
19, prove
19, existence
19, example
20, after
20, here
20, think
20, theists
20, those
20, theist
20, non
21, were
21, truth
22, true
22, religions
22, want
22, make
23, world
23, way
23, out
23, my
23, been
23, bible
24, why
24, up
24, article
24, christian
25, also
25, course
25, exist
26, like
26, more
26, say
27, must
27, your
27, see
27, well
27, know
27, writes
28, time
28, than
28, moral
28, evidence
29, may
29, most
29, something
30, his
30, only
30, then
31, it's
31, does
31, good
32, such
32, me
32, any
34, because
35, just
37, them
37, other
38, at
38, belief
39, atheist
40, believe
42, would
42, has
43, when
43, will
43, even
44, their
44, was
46, how
47, we
47, religious
49, religion
49, don't
52, he
53, no
53, who
54, which
56, can
56, many
58, from
58, about
60, one
63, so
65, do
67, all
68, atheism
70, what
73, some
76, there
78, atheists
79, people
80, with
83, an
86, have
87, if
88, by
89, on
94, or
100, but
105, this
113, god
119, they
129, for
133, be
134, you
144, as
149, i
163, not
177, are
213, it
243, in
308, and
352, that
356, a
357, is
475, of
489, to
736, the
3201 Distinct words, 16284 Word occurrences
